keyword,title,link,published
interest,BSN MYGOLD ACCOUNT-i - bsn.com.my,https://news.google.com/rss/articles/CBMiWkFVX3lxTFBCMnNFVlppa3RLc0I0cFpoOTlyTWM4LWZSTjJxUzJDbTU4Y0ozcXFNN0F2dE14bFotaFdkVThwS1RfTHpzUS11U1kzb1cyNnlKQWRVaUJaQmY5QQ?oc=5,2023-08-28 00:23:19
interest,Loans for Small Business - Alliance Bank,https://news.google.com/rss/articles/CBMiaEFVX3lxTE42Ymc2VEpHZ1czVVNjX1lxS1dTX2N3R084SFpJVU16ZENFemtFQUpuWkF5ZnFsc3VPS3hNbEhfdV96dTBwdGFvZDI5RHVZYlBOWDZhTnN1SE1BLV8wempGcXVKclRuY0FF?oc=5,2023-11-04 19:25:18
interest,Convert your statement purchases into monthly instalments - OCBC,https://news.google.com/rss/articles/CBMic0FVX3lxTE0wNENWbGZsUU50UHZhWG5KbDk3TkRZamt3S05wUmI0dmctUWpxM3owSEhyLTlGcVNqX2tiU0xETlR6UFVFOWQ2U1BxTGdlYlVYTTYwbl9ia1Q2N1BSWE9wNjdfSi1YaHloMFR3UUtpWWhCYlk?oc=5,2023-05-11 21:14:08
interest,quick cash monthly interest campaign - Hong Leong Bank,https://news.google.com/rss/articles/CBMi2wFBVV95cUxOc3pJMFRyOVVfVlVuR21TQUw5a0xwVHJSNV9ONFotaGxjc3h1ZWJpRlljektBaXk5azBHN1M2cGdOdzJHbVVYVVpjWnRzc3psVGZXdURUcWdhc3NBUUVvcUJENzRJZE5RcG1nMF81MkRyRURfSHg4MkpQdFdkSDl5VnRFMUJZZDF6RzFiX2l5dEUwbEhabHhnWXBvRzRBU183WGgxQzRWdi1kcVNIdzFEZDloSFlzYTB1Vi0tZTk3akpkbXdXblJQN0NHVUVZcGo3NDV3V2FZcHFRY0E?oc=5,2023-06-15 07:00:00
interest,"Repayment Payments received are divided into two portions, i.e. interest and principal. Any surplus will be credited as an advan - OCBC",https://news.google.com/rss/articles/CBMiqAFBVV95cUxOVlUtVWtBQTdLN3lTS1ZpT3M3MXVCOG9TOHBFbEU0RVFYQ3NlOGZiZENjOGp3emhISnlDMkRLTTh3eVZ2RFVxaUxMa0ktalZjREZRLTRVMmJPN3F6UXZNS0xwOUk1Z0dQOWR4Vy1xVUJReER1bnkzS2lDYUNhYm0yeGNadnllSkRLNzVidFhYQnZMdXhJeUlDS0x1TzRxT3hMOENTMmVsaEY?oc=5,2023-05-11 19:04:12
interest,BioNexus Status Interest Form - Bioeconomy Corporation,https://news.google.com/rss/articles/CBMibEFVX3lxTE8xMVBDa05wNk4yVWIxeWFqQ0RZcjZhejhPVTJ0OHdvV2xxdV9ieU1aU1BXSHdweHJxVDdHTExLQkxGQlRwV05CRUhxZDRjcG1vV0JqMVprbl9WbjhTcEhMM0NyQW1DV1hMRi10UQ?oc=5,2023-12-14 12:28:13
interest,Mortgage Refinance | House Refinance | Maybank Malaysia - Maybank2u,https://news.google.com/rss/articles/CBMipgFBVV95cUxPSHQyTnJ5T0J6bW4zMGFVMjRwRGhHM1ZaZDZ0RFIzd2k1cXppNmk5aTlNQmpYUlZVdndBcTdRckF6NnVacEdKYmRkUHdCMlVEb0dwdDNveUd5bmpsMXhNN0oybzd4N3RuWHBtZi12RnJ2eUtLRWtDSDJfeHZaUHJJbnVDWXhPU0xsYUlTbDF1bFVkWkpXUUx3MU5KbHhaWVkwQTZMNzln?oc=5,2023-12-29 20:04:11
interest,A Savings Account That's As Great As You Are. - Alliance Bank,https://news.google.com/rss/articles/CBMimAFBVV95cUxQLTd5RzlZbTlZbFNrMjlNdS1XRFN0cDJ3YTJkc21qeTdJZjZweGVOenQ5cEJTWkpJczlUUzVwSDA3eXp5Tmc3bHdNOF9wa2tnWnlva01lUTZ3RnpQT1VtMGs1elRNZmQwWEhtQllRSnlhVG9MMjRpeVFROC1Qd0VwbkM5MnVWRGExNmdfLVotVHNIUzI4V1pEUQ?oc=5,2023-11-04 17:24:29
opr,"Malaysia MADANI - Kemampanan, Kesejahteraan, Daya Cipta, Hormat, Keyakinan, Ihsan - Malaysia MADANI",https://news.google.com/rss/articles/CBMiREFVX3lxTE15aDVQZDVZeWEyZXF5ZE5YZ2lmZzIwQURYbFFxM2pHVVFTLTJSRENYS3lFbEJHS2hWZTlMejhmY3IwUjJw?oc=5,2023-02-20 08:17:38
opr,Effect of Monetary Policy Statement on Overnight Policy Rate – Jurnal Ekonomi Malaysia - ukm.my,https://news.google.com/rss/articles/CBMilwFBVV95cUxQRlFfaXBIa2xFN2xVYU9jWVl1a1ZrR0NuNnRJRjJBMFRqWHZtem5nOTlod2VYT1Bzb1VBazJjbVBBeFV5YWpRNFJUSThHOGlOb1NtM2R2LWY5aVk5dWFUS25ySXIzSDRHYUc0bkNHdHQxVUhkcDRPVTQ1dFNFY1dubDJHVWYzcU5DY3dVSDF1eWJlRkdJME1R?oc=5,2023-09-14 06:23:24
contraction,COMMON FIXED POINT RESULTS FOR BOYD-WONG AND MEIR-KEELER CONTRACTION IN J-METRIC SPACES - ukm.my,https://news.google.com/rss/articles/CBMic0FVX3lxTE5KSTI1UjR3V3JWYXZGekZiUVFpSnJqYU1oTHZNdTZZZm9kUHlWZ0MwSEVBWHRTQXpRbXI5X2FCQmItZjRKV2RWZkZuTm1kZ1o5UEZwTGd2b2J3dHpPZy1iTjdBTlliY0hIVk5iVXhBbnVjXzg?oc=5,2023-11-21 07:35:57
contraction,"Solving Burger-Fisher Equation (BFE) by using Banach Contraction Method (BCM) / Fateen Nuraribah Ahmad Fadhli, Nurul Izzah Zahra Shahrulanuar and Saidahtul Izyan Izzati Mohamad Sazali - UiTM Institutional Repository",https://news.google.com/rss/articles/CBMiUEFVX3lxTE44Wm9FNGJidk9pMHpCYmlNMUdsb2lJZTR0eWY1bzZKNFN0RnNxOTR1OTU3QWo5S1V4dElyYnR1b0FrZkVHUVE2bXk1Wng4Z0o0?oc=5,2023-08-15 14:17:04
contraction,Shop Grace冰冰收腹提臀裤 online - Sep 2024 - Lazada Malaysia,https://news.google.com/rss/articles/CBMioAFBVV95cUxQUEV0UDNNNFNCbndzNHZ6Z2NPNTJrekNJdE13U29NQTQyT0YyMmFzRDB4WjFQeWN6TGpnQWNvVkgzam1PYVlhZFVvblpQbE93WE1WVG1WTkt6dmRwUm9oc2tWZDlJZXZMUFpHRU5tUVM2TUlxTDIybTRDYTB3Y3phYlFWOXlHd1ZXSVlRN3VuYkxMWW9HbVFWQkdPa296dkxR?oc=5,2023-08-25 01:10:03
contraction,Simulation of flow behaviour of open channel flow through a linear straight contraction using computational approach / Muhammad Amir Ashraf Mohd Haziman - UiTM Institutional Repository,https://news.google.com/rss/articles/CBMiUEFVX3lxTE9YaWEyemFZcVY5emowekUtOFVrX2g5NlExTTFhQUZjLVJ0QzEybk1yUHVTMWUyRFR4ZW51d09MZW53RzJwdlMzOUpoX2xOZzN3?oc=5,2023-02-13 20:54:27
contraction,PULLEY-BASED MCKIBBEN ACTUATOR MECHANISM FOR ADJUSTABLE SOFT HAND REHABILITATION SPLINT SII ZHI YING A thesis submitted in fulfi - Universiti Teknologi Malaysia,https://news.google.com/rss/articles/CBMiY0FVX3lxTE52aHRUWGNJTWtOVVc3cUNpR1BWLVdiTzVOcmFDRnJxcy1Na3h3WHJIQ3kzdzhXb2Z1VGdGNWFDVGdEUUdUVFF3STcwTXlOREw4SzI2ZWNFdktFd2ViTXJJQkdpaw?oc=5,2023-11-01 19:39:51
contraction,"Singapore factory activity shrinks, forecast of contraction remains - thestar.com.my",https://news.google.com/rss/articles/CBMixgFBVV95cUxPdkNRVS1ZTDJSX2Jmdkt5RGhSN2dRUzVFd2hrQWRNTkFqbnpqS0pkS3YzS2ZjTkV5V1hUS0o1MXB6cjVTQkZxSHl2VExiUFBpSHVoU2VUXzFJMi1rcmJjUnVvVFl5LXpONXBid2M2MXBSUjlRa2VzOE14dElsMjh4MXpKQ1RLY2lpQU9ubzV0Tnkxc3MxcGlobTNPTVJPNjhZc1ZkUEZpVGhTV29tVDFFRTVPamNTb2tOV3VXZjF5SDVEUXRlSFE?oc=5,2023-04-05 07:00:00
contraction,MOH/P/PAK/516.23(GU)-e - Portal Rasmi Kementerian Kesihatan Malaysia,https://news.google.com/rss/articles/CBMi1gFBVV95cUxQLUVJNWZwMHo1c0U4a3NNY2l0NFNSdHducW5qUW5fYk80ekV0c0VyOXdJRFo0ZE41WUQtOUJqYWxpa0NCMHByT084eGV1UlRpSFJHN0tBd29RcTN2YjNmTXVTcXMtTU5pSnlXYk83RUMycHh5aWtaSTI5dHlGTE44aHFNYXVKTHk4LXpBWWY2OXRjNDZlMWVodDFFeWt6TVlHSVhZaGdIcTRJLVdwa3UzdlY0dU5Nc2x6LVVRUkNSV0U3Q2lDNm9JdkdXRW5NcjlfdXp5TUF3?oc=5,2023-10-25 00:21:28
contraction,UNIVERSITI TEKNOLOGI MARA TECHNICAL REPORT - UiTM Institutional Repository,https://news.google.com/rss/articles/CBMiX0FVX3lxTE1WYVllY2otVTZJcXFXY2tZNGo0b21wejNsT2dib3ZGbmFHeWhHbHQxaXc1MmxpUk95VzV1NlJVYWFyT2FmaVFmQU5nQlQtU3JUYzJJOTRxbFh5d28ySG5J?oc=5,2023-08-15 19:58:11
contraction,Degupan Jantung Tidak Sekata (Aritmia) - Gleneagles Hospitals Malaysia,https://news.google.com/rss/articles/CBMiiAFBVV95cUxOMHkyQ3pjbU9MOWp4VTlHY3NqY1BDVGZBMFpuS1BYLXVHdGJuXzNoMDZxeTFzTVM2aFNZRFRocXNXbUY1bmlGODVUbk9YVlBPamo3RUt0d29GbTh2SDMwTXBoMTVVOHVTaFZwZ0trOEU5TDNmVW9RazhjZ2FjVElzdjhDM0psX0ky?oc=5,2023-11-04 21:10:56
contraction,【现货速发】叶绿素氨基酸buv同款洗面奶洁面泥深层清洁去黑头控油祛痘收缩毛孔Facial cleanser for deep cleansing refreshing oil control and pore contraction - Shopee Malaysia,https://news.google.com/rss/articles/CBMi6ARBVV95cUxPUmRnakhzQUZQRTRLRmpQRDZmaGo5WWhFdV90UFFoQTJvX09iaDFtYVNfV2k0eFVrckFFeTFUcDdQRGRQRmNIWEtCTmQ1eFhxclIwN1ZDUkdweUNZV1ZuNG9hY21TS1JUOHgzbnJsQTFTLXIxa00xMEZmN2NFZ0d0R2RaNEs0TkxleUN0V2JxUFFsSHV0SEl1Y2M1RkZHbWRXZG1NUmMwYXM1ZE9IS0lxYTJmOURnOTl6QklxOFR5S1hCQXN1dDFXRDRvcjRIWjE2cUNXM0Y5dFVDNVQxZlEwVzRWeTBHdXNtWjRzdXgwY2N0NndRdmRSQkY5QTF6NnlReHZwS0tvVnljVUZnNXpVeFdhRHV3ZjdNaGNRTmlCOGhtNmRJamJRNG1FbkUtTHI0RXMzblEzRmhOWWNLRGRnd3BpMzFYbWxvWWMtX0xaQ1V6N05mdThjQlA3dGFiTkk3MEl4T2ZLMkc1aWtpMGg2MGpmRGV4UVNVbVR3ZWRhTFVzSEFJa2xuSWlwc2M5N0k3RW9RYUNXbWhJWHZkeXp6MjJQWnl0TThzN0NhVVJuYkJPaGVqQ0ZsekZfaXVHX1lvX3ZSNTdGQS1LQTBTSzhzdDVwXy16d1QyV0xGWGZEOVh5SWplNTBKWVVVMHhuYnlmZFp2MVhzazk2QV85R0VOdWhOMXFjWGk1UG1GRHJBUjEtTV9rZFdfc3RaZ195Z1ppT2hSZ0JfR0I1bk44LUZsTExwd3prTFcxOXpZVTE0Rk9EUVZhcFdXTlhNQlUwZktGSGlZN1I3cGMtS1R3NER6ZkRpM3kxaUFT?oc=5,2023-11-26 03:25:40
ringgit,BSN MYGOLD ACCOUNT-i - bsn.com.my,https://news.google.com/rss/articles/CBMiWkFVX3lxTFBCMnNFVlppa3RLc0I0cFpoOTlyTWM4LWZSTjJxUzJDbTU4Y0ozcXFNN0F2dE14bFotaFdkVThwS1RfTHpzUS11U1kzb1cyNnlKQWRVaUJaQmY5QQ?oc=5,2023-08-28 00:23:19
budget,iPhone 15 Pro - Machines,https://news.google.com/rss/articles/CBMiY0FVX3lxTE9jZmxvQlMxNFNoUlUzeXVHMnMxYXNxc1pqbmZTa0xLbnE5RElHTV96X0ViZk1VNGZabkNlal80dC13NmNqbjF0MWhmX0tnSnFsYkE0UG1jeVBlOXN3QkVBLXVUVQ?oc=5,2023-09-14 12:21:36
bank negara,e-Invois - hasil.gov.my,https://news.google.com/rss/articles/CBMiSkFVX3lxTE1idnFFVzJwcmREbnYtNU8td0hVb3JYS0VnNFJLVGtPNVZyZDdTNnlfM095bXpXWllmUjM5c1ZmWnc4MW5Yd1p2QVZ3?oc=5,2023-07-21 07:12:15
bank negara,Enforcement Actions taken by BNM against Regulatees / Licensees - Bank Negara Malaysia,https://news.google.com/rss/articles/CBMiY0FVX3lxTE9kYTJyVlNpNFNwTUNHMUdmRmVxeGNSRHpRTlMzN2U2YUlXR3NjeUY2bGZ6V0ZkTklQMk5RNUw5cDU3NzRGYUJnXzVtZTV3U01Nb1pBUjBWNXVLSmdIc1hrZDJjSQ?oc=5,2023-07-28 15:10:56
bnm,NTW Malaysia - NTW Malaysia,https://news.google.com/rss/articles/CBMiX0FVX3lxTE1pMVhwSjVmUlV2X0p2TnV6QmNtbUI5VkdSS25UV2FnejZWOXlLa3ZMdWRJSXBoNGc3aGFGR3RHQ1ZTTW9ubTh4YVNsbFl3ZkpTX05vNXEydXNMeEdnRG5j?oc=5,2023-04-23 07:37:37
bnm,Xpats Gateway - Xpats Gateway,https://news.google.com/rss/articles/CBMiQkFVX3lxTE0zLWNQV2dvbTYtX05JbFRoTXRCbGpZZ2JrS0hmbEdJN2Etd2xwdUxCdjJxVjlGaHRKYkoxY1hpbG94QQ?oc=5,2023-06-08 13:02:44
bnm,BSN MYGOLD ACCOUNT-i - bsn.com.my,https://news.google.com/rss/articles/CBMiWkFVX3lxTFBCMnNFVlppa3RLc0I0cFpoOTlyTWM4LWZSTjJxUzJDbTU4Y0ozcXFNN0F2dE14bFotaFdkVThwS1RfTHpzUS11U1kzb1cyNnlKQWRVaUJaQmY5QQ?oc=5,2023-08-28 00:23:19
bnm,Policy Document on Registration Procedures and Requirements on Professionalism of Adjusters - Bank Negara Malaysia,https://news.google.com/rss/articles/CBMiTkFVX3lxTE5YclU3RzRKTGhOQVNsdXI4Zk0yZlNSRTh6dUxkMFJOV3NpdDhBVmc5TkV1WlJQdENRSDAxeHFXRkt6Z2dLVVBMSXB1UkxZdw?oc=5,2023-06-01 07:00:00
monetary,"VOLATILITY OF THE USD: EFFECTS FROM ECONOMIC POLICY UNCERTAINTY, MONETARY POLICY UNCERTAINTY AND GEOPOLITICAL RISK THAW JIA YEE - UTAR Institutional Repository",https://news.google.com/rss/articles/CBMibkFVX3lxTFBvWjV1ckpsN0h4Yi1qYnBFQ0JGNEQzMC1DN1NJd1RmVlBKT3ZjWElmY1E1NXlpNkw0SGxNMUY1WXh0WHRXcy1LLWhhemp4UG42NHNHaS10bzBfOTVUcmQ5YWgtSkFKck5zOHZaQzdR?oc=5,2023-07-07 13:59:34
monetary,Monetary Policy Statement (MPS) Snapshot: July 2023 - Bank Negara Malaysia,https://news.google.com/rss/articles/CBMigAFBVV95cUxNZ1pqWjB4SkRkMVBNaVFDazdfUlNGTERtaUF1czFEUWwyVllYclJoQVZ1TXpObU1PM0JKcGF6QVl0eHdveFA4Y0ZfQTFHLXlmbFFTOG00TGVlalFkUDkzcVZXM0VvYmhIa0VnUWI3bm5ySTJmcXpVTmFtWlRjNHNrcA?oc=5,2023-07-06 07:18:03
monetary,Monetary - Portal Rasmi Kementerian Kewangan,https://news.google.com/rss/articles/CBMif0FVX3lxTE1udGwyRklQNGFMMHFlNVN2c25oTkNPdE1zZ0FiNnA3aVh5T3JjbG5pS1lWWEE3MTE0YW43ZUtNaWxoNVlBbFM2Q3BlZVNzYjdYX3FlX0FfR1NXa0JFSEtlVVFmYmdKVXA5a1kyMDgtWnhRdE92VnpYRFdSU2J5cG8?oc=5,2023-03-16 14:09:00
monetary,Effect of Monetary Policy Statement on Overnight Policy Rate – Jurnal Ekonomi Malaysia - ukm.my,https://news.google.com/rss/articles/CBMilwFBVV95cUxQRlFfaXBIa2xFN2xVYU9jWVl1a1ZrR0NuNnRJRjJBMFRqWHZtem5nOTlod2VYT1Bzb1VBazJjbVBBeFV5YWpRNFJUSThHOGlOb1NtM2R2LWY5aVk5dWFUS25ySXIzSDRHYUc0bkNHdHQxVUhkcDRPVTQ1dFNFY1dubDJHVWYzcU5DY3dVSDF1eWJlRkdJME1R?oc=5,2023-09-14 06:23:24
monetary,BNM Annual Report 2022 - Bank Negara Malaysia,https://news.google.com/rss/articles/CBMiVEFVX3lxTE9UUTNLRG52dExsMU5GMWNlOVdjTDl4U0hMYUVGUnRvQnVMNTVvTm1xQWE2WTVOdTFlbWxxSW40N2ZuZFJiYkVPSG1YYlVXZ3A0R1hnUA?oc=5,2023-03-29 03:17:59
tightening,Shop Vagina Tightening And Cleaning Soap online - Sep 2024 - Lazada Malaysia,https://news.google.com/rss/articles/CBMidEFVX3lxTFA5S2loSmhybkhNUjlzaFMwVmRGUmtGZVFZaWswMVFNd1llNWtfeVJmdU9xQ3UzUElCYTBXbmM2S3ZveGpZM1ZkOXNpN2ZfOGZlMGVWYTUwYkc3XzA4enpmcGtpOTRHZEFVS0lDT0ttQl9fWXdZ?oc=5,2023-08-25 00:22:55
tightening,La Coquette V Face Skin Tightening Beauty Device White - guardian Malaysia,https://news.google.com/rss/articles/CBMieEFVX3lxTFAtOU42bnVhYWNuSGM2UGQtMWUzY3M4UVN4VzNuYW5vbW85QUtRbkZNZDYzQTktQXhqekh1S0VBSGx1X0RyYUlpOUVWOHpSaTgwZFR2RjVVZ1NSeGhKbzNFSlNocVczTGJVYVowaFBoeGwzTEhoRVQ3eQ?oc=5,2023-11-04 00:55:54
tightening,(EAST MALAYSIA) AMIRO S1 FACIAL RF SKIN TIGHTENING DEVICE - Health Lane Family Pharmacy,https://news.google.com/rss/articles/CBMilAFBVV95cUxOS3JmVDNERzlBamp0SFRTOGZkMm44YXNJcmI4QVNGSW5EZGJTaXgzUEtnbGF5OVk0MmxVeDhpdjh0OEFUcXZiRjdEQVRrN2hXNEdybUNFdlZhTjBMT3dveFVZMEpWTGV0dGVac0FDZ0E2SVZfTGRfWHpCSVM2RkFCS3hsalNmUkFRa1VzSjIxT0lpNE42?oc=5,2023-09-11 19:01:25
tightening,KGT 3 Ton Self-Tightening Grips Frame & Auto Body Repair Small Mouth Pull Clamp (two way) ID34334 - Knight Auto Sdn Bhd,https://news.google.com/rss/articles/CBMirgFBVV95cUxPMEFORWJ6eXdVeUtZMERPQkV3REo1Z0lxUGVSekRSUWVOUWlCUzJzYmk2LVBfQkVob3QwWC1mT015dGRGMmlZbmx5NGV1cGNSWExGcDZSdEk5R2JLTWJQNFJvZDF1Y2pIcjYwanBsd193VHh4RVI5cWM1dEN0di1hNHcwcklBVGZQSlBlVGxkSmd4WGNRSFI5Um1QbFd3NE90MkhsUUFBc19CdWYyS2c?oc=5,2023-05-09 12:03:04
tightening,Anew Platinum Lift & Tighten Serum 30ml - AVON Malaysia | Official Website,https://news.google.com/rss/articles/CBMidEFVX3lxTE9CVG9oLXpMNDgxbXFDNXRxaVhsYkdhMUpQTlUyS1JjQ05ZbzREcmdFYUp4TU1Ick5xTWxNOHVLUm9SUm15NF9adUFSbWZIVGU1anc2d0VOc3RXZmRPekcxeHlMODBxOVo2WFh3X2lpQ3RPU3Ux?oc=5,2023-12-15 17:53:21
tightening,"ISHIZAWA, Nadeshiko Tightening Mask 10s - Watsons Malaysia",https://news.google.com/rss/articles/CBMidkFVX3lxTE80VUJESFprYlVVLWFRNzdNa3JGMUFOUFA2RF9hWG9CVFlFeC03T1hKVmxoS1VfMDB3RnBfdjBPWjJqamNRbjFjbWRCT1ctWmF3LXBjQU1zZ2lRRHQyRGVFcUtCMEpuUkhkRm1xd25KWkFMRVVjSnc?oc=5,2023-10-10 00:37:32
tightening,Fuel hose clip Power with high tightening torque - Wuerth Malaysia Sdn Bhd,https://news.google.com/rss/articles/CBMiqAFBVV95cUxPc3U3MTdROEZrY1U4NEZEblVDMGZQSkdYRXl1ZFQ3clJzeW1BQnVlMVNwSlhMTGhwNzJmOXlQVkl5MHAtUkh3bVNPWF9tYlZDcjF1ZXlKdXBMMkIwRkpZcHdhZkZsdmVhNllEVW1RTHFsaUswMGFQY0ZadzdDNU9XTzRienJrYVRFTHUyT0dLZ3dydmV3ZjFIdW5FQjFDcmZieF9rZTBEdWQ?oc=5,2023-10-16 23:09:14
